abacu,574
abdu,1358
abil,1126
absenc,884
absolut,151
absorpt,1010
abund,1143
academ,777
acceler,334
accept,1728
accid,1750
accord,1774
account,18
accur,1692
accuraci,647
achiev,1652
acknowledg,897
act,312
action,697
activ,698
ad,1828
adapt,932
addit,915
advanc,646
advantag,213
advent,1084
advocaci,703
affair,523
affect,1506
africa,1558
afterward,1874
again,458
against,719
age,1471
agre,610
agreement,221
aid,502
aim,1089
air,616
airlin,1701
airplan,1704
airport,393
airway,388
al,1801
alan,317
albert,689
albrecht,401
alexand,1459
alien,1197
all,1339
alpha,146
alphabet,145
alphaparticl,1302
alpher,136
am,118
america,721
american,1416
amount,124
analog,597
analogu,457
analysi,681
anchor,1040
ancient,1860
andor,270
andrea,400
andrei,364
andrew,916
angl,443
anim,1049
ann,935
annihil,88
anniversari,959
annoy,1464
answer,229
anthrop,268
antiblu,1389
antielectron,105
antigrav,1749
antigreen,1388
antimatt,542
antineutrino,106
antineutron,1403
antinomi,1867
antiparticl,87
antipeopl,1348
antiproton,1394
antiquark,1387
antiself,1349
antisemit,712
antithesi,1868
antiworld,1347
antoni,1580
anyon,666
anyth,162
appear,349
appl,1646
appli,1664
applic,267
approach,430
appropri,149
approxim,487
archaeologist,1859
area,655
arena,1095
argument,604
aris,460
aristotelian,754
aristotelianptolema,1838
aristotl,685
arm,170
arno,1753
aros,796
arrang,562
arrest,766
arriv,1523
arrow,556
arthur,1516
articl,804
ask,1226
aspect,998
assist,934
associ,898
assum,1886
assumpt,486
astronaut,505
astronom,357
astronomi,651
ate,1050
atmospher,195
atom,120
atomist,1286
attack,716
attempt,313
attent,1025
attract,82
audienc,46
augustin,1083
austria,1777
author,142
averag,165
awar,711
axi,1336
axiom,1069
babi,962
back,628
background,227
backward,533
balanc,1184
ball,591
balloon,336
ban,1482
band,1017
bang,3
bank,593
bantam,911
bar,1681
barbara,473
bardeen,1453
barrier,1168
basi,607
bath,1592
bc,1858
be,271
bead,576
bean,1195
beauti,289
becom,583
bed,1434
beforehand,1773
begin,25
behavior,467
bekenstein,1451
belief,767
bell,1578
bellburnel,1577
below,1715
bend,1191
bentley,1844
berkeley,1642
berlin,700
bermuda,629
bertrand,1813
beryllium,128
bet,581
beta,147
beth,139
bewild,622
bibl,746
big,827
billiard,1446
billington,939
biolog,1112
bird,1755
birth,740
bishop,1641
bit,228
bitter,1309
black,828
bless,764
block,1328
blood,1055
blow,1099
blue,1325
bob,1758
bodi,193
bohr,1271
bomb,692
bondi,1779
book,613
border,1404
born,977
boson,1366
bother,674
bottom,1324
bounc,1637
boundari,57
box,561
brain,566
branch,799
brandon,902
brane,1064
break,370
breakdown,880
breakthrough,1819
brenchley,948
brian,907
bridg,839
brief,822
bright,1731
briton,1781
bubbl,350
build,1268
bulg,1565
burn,1333
burst,1470
busi,550
caiu,1306
cal,1533
calcul,157
calculu,801
california,471
calori,615
caltech,1312
cambridg,478
campaign,818
cannonbal,1505
captain,1200
car,1628
carbon,182
care,412
carlo,1377
carn,1797
carrot,1474
carter,903
case,210
casimir,1185
cast,1441
cat,1586
catalogu,1574
categori,664
cathol,34
caus,609
caviti,1186
cellar,1588
censor,760
censorship,379
centauri,1146
center,93
centimet,860
centr,1172
centuri,42
cern,1171
cernengin,1383
certainli,1423
cesium,1679
chadwick,1303
chair,960
chairman,1488
chanc,206
chandrasekhar,834
chang,368
chapter,185
charg,282
charm,387
chemic,1282
chemist,1280
chemistri,964
chen,1409
cheryl,938
chief,759
chienshiung,1412
child,1206
choic,292
chosen,662
christensen,1649
chromodynam,871
chronolog,1228
church,35
circl,495
circu,1689
circuit,1256
circul,1054
circumst,883
citi,1856
civil,652
claim,1796
class,658
clerk,1654
cleveland,1665
climat,1398
clock,528
clockwis,1223
clockwork,525
closer,1842
cloud,176
cluster,837
coal,1587
coalesc,1507
cobe,518
coincid,62
colin,942
collabor,899
collaps,12
colleagu,474
collect,1072
colleg,1035
collid,1357
collis,104
color,1259
coma,1027
combin,207
come,534
comedown,683
comfort,1848
comment,914
committe,806
commonplac,1038
commun,714
compact,1502
companion,1522
comparison,1724
compet,1877
complex,1111
compon,886
compos,877
composit,217
compound,1283
comput,567
concept,436
concern,1144
conclus,756
concord,391
condit,203
conduct,972
cone,453
confer,30
confid,980
configur,246
confin,1385
confirm,1426
conflict,741
congress,1164
conjectur,1230
connect,690
conscript,706
consequ,296
conserv,345
consid,1261
consist,1097
consol,1149
constant,332
constitut,1882
constraint,1212
construct,305
contact,1582
contain,190
contemporari,1853
contend,803
content,1277
contract,181
contradict,1207
contribut,1251
control,734
controversi,1241
convect,617
conveni,1682
convinc,763
cool,81
cooler,73
coordin,446
copernican,742
copernicu,301
cork,1551
corner,612
correct,1376
correspond,598
cosmic,515
cosmolog,31
couldn,240
counsel,417
counterargu,1854
counterfeit,819
countless,1120
countri,1711
coupl,125
cours,196
court,790
courtship,1219
cp,1415
cpt,1421
creation,50
creator,526
creatur,522
credit,403
crest,864
crisi,184
critiqu,1866
crockeri,548
cronin,1417
cross,1138
crossbar,1013
crunch,7
crystal,329
cup,543
curvatur,424
cwindowsdesktopblahhstephen,115
cycl,434
cygnu,1590
cylind,1004
dalton,1281
danger,733
dant,1542
darwin,1890
data,785
date,1106
daughter,1432
david,930
davidovich,1612
dawn,970
day,285
deal,657
dealt,1562
death,64
debri,192
decad,1718
decay,852
decre,752
decreas,1468
deduct,1887
deed,1857
defend,750
defens,805
definit,1087
deflect,1709
degre,91
demis,411
democraci,1065
democritu,1279
demonstr,702
dens,1761
denser,521
densiti,237
departur,511
der,1381
descent,710
describ,1880
descript,426
desir,58
despair,418
detail,484
detector,1353
determin,654
deuterium,121
develop,215
deviat,1708
devic,454
devious,816
diabet,1026
diagram,1677
dialogu,758
dick,1759
did,1818
didn,1221
die,1849
differ,236
difficulti,367
dimens,452
dirac,981
direct,226
disabl,957
disagr,1307
disappear,445
disast,1862
discoveri,530
discrep,1274
discuss,687
diseas,1804
disk,1607
disklik,1726
disobedi,704
disord,552
displac,1548
dispos,1330
disput,778
distanc,492
distinct,444
distribut,792
disturb,1059
divid,1011
divin,290
divis,1276
do,1354
doctrin,751
dollar,718
don,599
donkey,1475
doom,1440
doppler,882
dot,1337
doubl,74
doubt,407
down,1327
downfal,582
dr,1643
drawback,992
dream,1242
drexel,397
drop,1056
dualiti,838
dunn,917
dust,1288
dwarf,895
earth,41
east,643
echo,1674
eclips,1192
economi,297
eddington,605
edg,463
edit,795
editor,910
edmond,788
edward,1662
edwin,1729
effect,14
effort,695
egypt,1822
eighteenth,1748
eighti,342
einstein,0
either,6
elast,971
electr,842
electromagnet,863
electron,98
electroweak,845
element,126
elementari,848
elli,904
ellips,1707
elsewher,1695
embarrass,1375
emc,1673
emiss,197
emit,1485
emot,633
empedocl,1875
empti,1659
encourag,705
end,5
endeavor,1883
enemi,787
energi,19
engin,1629
england,1515
enough,1478
enterpris,1203
entranc,1543
entropi,553
epoch,1610
equal,920
equat,499
equilibrium,1850
equival,835
ernest,1300
error,211
erwin,1246
escap,1630
estim,1733
ether,1658
euclid,448
euclidean,447
europ,761
even,1430
event,241
ever,501
everyon,686
everyth,488
evgenii,1790
evid,222
evolut,48
exagger,1396
examin,1712
exampl,266
except,648
excess,1424
exchang,571
excit,1108
exclus,849
exist,273
expand,71
expans,113
expedit,1148
expenditur,1445
experi,111
expert,44
explan,294
explor,516
explos,95
extens,1878
extent,462
eye,1356
face,729
fact,24
factor,584
failur,1529
faint,1572
fainter,1525
fall,1438
fallaci,1081
famili,490
fan,578
farther,1527
faster,1512
fate,29
favor,637
fear,1835
feather,1626
featur,239
feel,1252
feet,1528
fella,386
fellow,1291
fermilab,1170
fertil,638
feynman,427
feynrnan,1497
fiat,625
fiction,287
field,23
fierc,1589
fig,1698
fight,748
figment,506
figur,498
filament,1297
file,114
film,546
find,1745
finit,1647
fire,673
first,295
fitch,1419
flamste,784
flash,1298
flavor,1323
flaw,376
flood,1861
floor,545
flow,1467
fluctuat,238
food,608
foot,461
forc,83
forebear,300
forev,234
form,112
format,255
formul,1067
forti,1639
fortun,586
forward,414
found,1763
fraction,323
franklin,382
fred,1782
freedom,667
freez,327
frequenc,850
friedmann,70
friedmannlik,1795
friend,373
fring,1266
front,1473
fuel,1509
further,601
fusion,177
futur,535
ga,175
gain,1332
galaxi,171
galilei,739
galileo,37
gallow,821
game,1161
gamma,148
gamow,132
gap,1094
garbag,261
gari,905
gase,198
gehrig,1803
gellmann,1314
gener,189
genesi,773
gentri,937
geodes,1699
geometri,450
georg,131
germani,722
geroch,901
get,497
gev,846
gibbon,906
gigaelectronvolt,1368
gill,952
girl,1806
given,1694
glashow,1374
glass,1736
glimps,1428
glossari,824
glow,858
gluebal,1392
gluon,875
go,963
goal,1088
god,52
godel,1068
gold,1780
gonvil,1305
good,727
gottfri,797
gottingen,979
gradual,641
graduat,361
grain,1278
gram,1495
grand,853
grant,1481
grasp,1102
gravit,1465
graviti,100
graviton,997
greatgreatgrandfath,1205
greec,1823
greek,144
green,1032
ground,982
group,563
guess,1469
guid,425
gut,854
guth,318
guzzardi,913
gyroscop,1131
hair,1568
half,77
halfway,1675
halley,789
halliwel,482
halv,1053
han,138
hand,16
happen,163
hartl,477
harvard,1362
hasn,1193
hat,1175
hawk,116
hbomb,94
head,531
headlin,726
heard,410
heat,178
heater,1553
heaven,1821
height,1685
heinrich,1851
heisenberg,876
helium,123
hell,1544
help,909
hendrik,1666
henri,1671
hermann,1778
herschel,1727
herself,389
hewish,1581
hindsight,1746
hint,1427
histori,68
hitherto,1669
hitler,720
hoc,1839
hole,9
holland,771
homogen,669
hope,420
hord,258
horizon,595
hostil,1616
hot,1739
hotter,1511
hour,161
hous,724
howard,1764
howev,483
hoyl,1783
hubbl,1605
hull,1827
huls,1556
human,568
humor,137
hundr,1614
hundredth,1770
hunt,950
hydrogen,122
hypothesi,1211
ian,371
ice,168
idea,66
ident,61
ii,1619
illus,1210
imag,538
imagin,507
immanuel,1863
immort,1494
imperi,1360
impli,512
implic,468
import,503
impuls,1622
inc,924
inch,1044
increas,555
incredul,1487
independ,768
india,1518
indic,1122
individu,1717
inertia,856
infin,988
infinit,1798
inflat,341
influenc,1344
inform,230
inhabit,541
inject,1028
inner,1043
inquiri,678
inquisit,765
insid,1042
insignific,1811
instanc,1633
instant,889
institut,315
insulin,1029
insur,1594
integ,1351
intellig,1893
intens,509
interact,873
interest,26
interestingli,1504
interfer,1258
interior,1137
interpret,1561
interv,529
interven,1077
intervent,1086
introduc,1250
invent,1180
inward,1269
ireland,1559
irregular,235
irrit,1455
isaac,775
isol,1881
israel,738
italian,743
item,577
jacob,1450
jame,1237
jamieson,947
jane,1807
japan,1547
jean,1238
jersey,1752
jesuit,32
jet,1608
jewish,713
jewishchristianmuslim,1855
jigsaw,560
jim,476
job,1809
jocelyn,1576
joel,1019
johann,1836
john,783
johnson,1644
jon,953
jonathan,481
joshua,650
journal,374
journalist,1517
journey,1152
joy,1153
joyc,1316
judi,385
jump,547
jupit,1650
just,580
justif,489
kant,1864
karl,519
kendal,955
kepler,1837
kerr,1564
khalatnikov,1792
kill,569
kilomet,1479
kind,408
king,1491
kip,1530
kirk,1201
kite,1009
kmeson,1420
knowledg,159
kurt,1123
label,1326
laboratori,1093
lack,1636
ladi,1156
laflamm,603
lancast,925
landau,1613
landmark,1871
languag,682
laplac,653
lark,1321
later,406
latin,744
latitud,496
latter,627
laura,936
law,38
lay,1436
layer,1092
lead,1176
least,1272
lebedev,366
lectur,359
lee,1408
left,439
lefthanded,1037
leg,1006
leibniz,798
length,1000
letter,143
lev,1611
level,1687
leviti,1275
lgm,1583
lie,1697
life,187
lifestyl,1897
lifetim,1098
lifshitz,1791
lift,1080
light,158
lightsecond,855
lightyear,1147
ligo,1484
like,1085
limerick,1155
limit,243
lind,365
line,437
liquid,1289
list,141
lithium,127
littl,1584
live,596
local,272
london,1036
longitud,1684
look,1557
loop,1001
lord,1234
lorentz,1667
loss,1552
lot,200
lou,1802
lowmass,1609
ltd,933
luci,1433
luck,1713
luminos,1732
lumpi,415
lunch,347
luttrel,480
maarten,1569
machin,862
macromolecul,209
macroscop,1227
magazin,1596
magellan,1603
magnet,1364
major,1449
malfunct,1756
mammal,219
man,717
mankind,1772
manner,250
manufactur,549
manuscript,769
map,1070
mar,1721
mari,1034
mark,1319
market,587
marqui,1233
marti,1216
martin,1788
masey,941
mason,931
mass,15
massachusett,314
massless,861
master,1304
masterpiec,762
materi,188
mathemat,800
mathematica,780
mathematician,1124
matter,13
max,976
maxim,1567
maximum,1768
maxwel,1363
may,1334
mc,986
mcfli,1217
mean,320
meant,1536
measur,78
mechan,21
medal,381
meer,1382
meet,1163
megawatt,1472
member,1224
membran,1539
memori,565
men,820
mercuri,1706
meson,1390
metal,830
metaphys,1869
meter,1625
method,1114
michel,1500
michelson,1661
michelsonmorley,1668
microelectron,1895
microscop,1222
microwav,311
middl,438
might,1889
mike,1031
mile,1179
militia,723
milki,1725
millennia,1810
million,1061
millionth,1024
mind,508
mine,475
mint,814
minu,1367
minut,1696
mirag,1074
mirror,537
mismatch,659
mistak,36
mixtur,1405
model,69
modesti,1762
modif,1784
molecul,1273
moment,49
money,589
monkey,259
month,377
monument,1865
mood,1843
moon,636
moreov,558
morley,1663
mortal,1243
morton,1400
moscow,354
moss,372
most,1253
motion,539
motor,1805
mott,1311
mountain,635
move,1167
movement,1550
mph,1140
murphi,554
murray,1313
must,416
muster,1318
my,383
naked,1537
name,140
nathan,1181
natur,527
naturali,1841
navig,1702
nazi,730
nazioccupi,1776
near,1604
nearer,1169
necess,1873
neck,620
need,308
negat,419
neighborhood,275
neutrino,99
neutron,102
nevertheless,396
nevil,1310
new,772
news,728
newspap,725
newton,776
newtonian,1705
nichola,1834
nick,791
niel,1270
night,1159
nineteenth,1747
nineti,1632
ning,1410
nitrogen,1448
nobel,973
nois,1754
none,1066
nonexist,1640
nonsens,1492
nonuniform,514
north,493
note,1188
noth,829
notic,1045
notion,1215
novemb,1431
nowaday,110
nuclear,1173
nuclei,119
nucleu,826
number,43
nurs,956
obey,670
object,173
observ,256
observatori,786
obstacl,1127
oc,331
occam,1244
occas,1090
occurr,1714
ocean,204
octob,353
offic,1308
ohio,1402
olber,1852
ole,1648
olymp,1160
omnipot,248
one,252
onward,1496
open,1162
oper,536
opinion,409
oppenheim,1618
oppon,1232
opposit,1136
optim,983
orbit,1058
order,65
organ,216
origin,28
other,491
otherwis,1757
our,254
ourselv,265
outcom,1115
outer,302
outermost,1830
outlin,1103
outrag,1601
overconfid,969
overlap,1071
oxford,1462
oxygen,183
pace,1104
pacif,732
packet,1239
page,441
pair,86
palomar,1571
paper,133
paradox,1078
paramet,1397
parent,1218
pari,1021
parliament,811
part,174
particip,45
particl,80
particleantiparticl,85
partit,1262
partner,1225
pass,557
passag,1052
past,459
patch,1690
patent,1670
path,431
pattern,1265
paul,398
pauli,1340
pbrane,1062
peac,736
peculiar,1793
peebl,1760
penalti,1598
penn,600
pennsylvania,402
penros,422
penthous,1600
penzia,153
peopl,67
percent,191
period,319
permiss,753
person,274
perspect,1691
peter,912
phase,324
phd,1799
phenomena,631
phenomenon,1267
philadelphia,380
phillip,945
philosoph,675
philosophi,680
philosophia,1840
photograph,1393
photon,97
physic,774
physicist,961
piccadilli,1688
pictur,109
piec,343
pilot,1703
pingpong,1634
pinpoint,1735
pipe,1187
pisa,1623
pitch,1743
pitfal,1846
place,369
plagiar,808
planck,866
plane,395
planet,194
plate,831
platinum,1680
plenti,1435
plu,923
plumb,1012
pluto,1480
poet,1541
poincar,1672
point,224
poker,1452
pole,494
polic,1437
polici,1595
polit,691
pond,1655
pope,47
popper,520
popul,1107
posit,330
positron,868
possibl,55
post,812
postul,1073
poverti,276
power,247
practic,991
predic,1885
predict,150
prerequisit,307
prescript,435
presenc,1342
present,281
presid,693
preskil,1532
pressur,179
prevent,1391
price,573
priest,1833
princeton,1128
principia,779
principl,245
print,606
prism,1737
privat,1597
prize,974
probabl,251
problem,339
procedur,1678
process,214
product,89
professor,699
professorship,1346
progress,611
project,1620
promin,663
proof,1710
propag,1653
properti,340
proport,156
propos,348
proposit,1476
prospect,967
protect,1229
protestant,749
proton,101
proxima,1723
psr,1555
ptolemi,299
public,375
publish,770
pull,166
puls,870
pulsar,869
pure,1141
purpos,291
qcd,872
quanta,867
quantiti,656
quantum,17
quark,874
quart,1320
quarter,129
quasar,1575
queen,1033
question,27
quicker,588
quotat,1315
race,220
radar,878
radiat,72
radio,859
radioact,879
radiu,321
railway,1116
rain,394
rainbow,887
ralph,135
random,1076
rang,288
rate,103
rather,987
ratio,283
ray,257
rayleigh,1235
raymond,602
razor,1245
reaction,155
realiti,966
realiz,249
realm,1872
reason,231
recoil,1352
recollaps,233
reconcili,707
record,579
recycl,1493
redden,881
redder,1524
reduct,833
refer,794
reflect,1190
refuge,1775
region,10
regular,642
rel,2
relat,708
relationship,1741
religion,1879
remain,1051
rememb,1540
renorm,989
repair,1444
replac,1422
repli,1816
report,807
repres,432
reproduct,212
reptil,218
repuls,333
requir,1096
research,479
resist,857
resolut,1208
respect,1129
respons,1767
rest,20
restrict,757
result,205
return,1134
reveng,793
revers,585
review,809
revolut,1338
richard,1220
right,440
ring,1041
rippl,1546
rise,253
river,634
road,1742
robert,900
robertson,1765
robinson,1566
rock,199
rocket,1132
roemer,1499
roger,421
role,469
rome,745
room,1683
roosevelt,694
rosen,1182
rotat,172
roulett,590
round,532
rout,1231
row,802
roy,1563
royal,781
rubber,1016
rubbia,1378
rule,672
russel,1814
russian,363
rutherford,1301
rutherfordappleton,1486
ryle,1789
sacrific,644
saddl,1769
sail,1514
sake,306
salam,1359
salt,1401
santa,472
satellit,517
satisfact,810
saturn,1722
scale,223
scandal,747
scenario,1526
scheme,1888
scherk,1020
schmidt,1570
school,1105
schroding,1247
schwarz,1022
schwarzschild,1560
scienc,39
scientist,130
scope,677
scott,1627
screen,1264
scriptur,1831
sea,1686
search,984
season,640
seat,390
second,90
secret,1194
secretari,384
section,1139
see,1719
seek,1466
seem,968
select,1891
seminar,355
sens,60
sensit,1091
separ,1174
septemb,1456
sequenc,1075
session,1489
set,242
setup,1295
shadow,1439
shake,1350
shakespear,262
shape,1429
share,59
sheldon,1373
shift,510
shine,1508
ship,1133
shortcut,1039
shorter,1744
shortest,1700
show,423
side,755
sideway,1794
sight,264
sign,843
signal,1521
signific,1057
similar,1454
similarli,1008
simon,951
simpler,1832
singular,4
sir,1236
siriu,1615
situat,540
size,75
skater,167
sky,645
sleep,1442
slice,1005
slit,1263
slope,1624
slot,1370
smell,202
smile,1815
smooth,337
snapshot,1693
so,1030
soap,1260
societi,782
softwar,919
soil,639
solar,1178
solut,338
someday,1820
someon,358
someth,310
sonnet,263
sooner,1510
sort,309
sound,1660
soup,1345
sourc,1060
south,500
space,225
spaceship,1048
spacetim,56
spaghetti,592
speci,1896
specialist,676
spectra,1738
spectrum,885
speech,927
speed,79
sphere,1183
spider,1014
spielberg,1214
spin,169
spiral,304
spirit,632
spot,1638
squar,1876
st,1082
stadia,1824
stadium,1825
stage,22
standard,1151
star,11
starlik,1573
starobinski,1460
starship,1202
start,232
state,180
statement,1125
station,1118
stationari,888
statu,1113
stay,1716
steam,351
steinhardt,399
step,985
stephen,823
sternberg,356
steven,1213
stock,570
stone,1079
storag,1384
stori,649
straw,1046
strength,993
stretch,466
string,671
strip,1003
strongest,844
structur,208
struggl,1100
stuart,946
student,134
studi,449
subject,53
submarin,1121
subrahmanyan,1513
subscript,1599
substanc,825
suburb,303
success,524
sue,940
suffici,995
suggest,404
sulfid,201
sum,429
summer,470
sun,40
sunnyval,928
sunset,464
supergrav,996
supernova,186
superparticl,999
superstr,626
supervisor,1579
support,293
suppos,564
surfac,451
surpris,1463
survey,1787
surviv,1894
suspicion,1290
sweat,618
symmetri,326
symmetrybreak,1142
synthes,926
system,278
tabl,544
talent,815
talk,54
task,661
taught,1110
taylor,1490
teacher,1617
team,1379
tech,1534
technic,1535
techniqu,990
technolog,316
telephon,1751
telescop,1606
televis,1257
tell,1248
temperatur,76
ten,1109
tendenc,836
tenmillionth,1740
tension,1023
tenth,1771
tenthousandth,1656
term,428
test,108
text,918
that,1414
the,958
theme,1884
theolog,1870
theorem,413
theori,1
therefor,485
thermodynam,551
thesi,1800
thick,1047
thing,346
think,1335
thinker,1845
thirti,322
thirtyon,1399
thoma,944
thomson,1293
thorn,1531
thought,1285
thousand,92
thousandth,1294
threat,731
three,1317
thu,442
tide,298
till,1355
tim,949
time,96
timeahtml,1631
timebhtml,1734
timechtml,1249
timedhtml,1329
timeehtml,1519
timefhtml,1443
timeghtml,117
timehhtml,559
timeihtml,1145
timejhtml,994
timekhtml,665
timelhtml,847
timenhtml,1829
tip,1621
titl,1395
today,107
toe,1645
togeth,1284
tom,954
tomorrow,572
ton,1018
top,1130
tortois,624
total,1477
tourist,1204
tower,623
town,1343
track,1635
tract,1730
tradit,684
train,1117
transact,1501
transform,1406
transistor,1255
transit,325
travel,896
treati,1483
treatment,1461
triangl,630
trick,455
triniti,1292
trip,1676
triplet,1386
triumph,688
troubl,352
trough,865
trouser,1007
truth,1847
tsungdao,1407
tube,840
turn,504
turtl,1817
tv,1296
twenti,619
twentyon,1549
twin,1150
type,84
typewrit,260
ufo,1196
ultraviolet,1657
uncertainti,244
underli,1254
understand,1101
unif,965
uniform,668
unit,614
univers,8
unpopular,715
unpredict,660
upbring,1892
use,277
util,280
vacuum,832
val,1418
valid,279
valu,284
van,1380
vari,1651
variat,405
varieti,1322
vast,1812
vatican,33
vector,1365
veloc,513
ventur,392
venu,1720
veri,1425
versa,1166
version,269
vice,1165
vicin,1177
victori,1538
view,456
viewpoint,1209
violat,344
visit,1198
visitor,978
vitriol,817
voic,360
void,1503
volt,1331
volum,1063
voyag,1154
walker,1766
wall,1447
walt,921
waltosz,922
war,696
warden,813
wast,701
watch,1520
water,328
wave,433
wavelength,851
waveparticl,890
way,160
we,1372
weak,891
weakest,892
weaponri,735
web,1015
week,1287
weight,893
weinberg,1361
weinbergsalam,1371
well,1119
werner,1240
west,378
western,1585
wheel,1369
wheelchair,929
wheeler,1498
whenev,1786
wherev,1785
white,894
whitt,908
who,1158
whole,164
width,1189
wife,1602
wight,1157
wild,1808
william,943
wilson,154
win,594
winner,975
wire,575
wit,1199
wittgenstein,679
wolfgang,1341
wood,621
word,362
work,51
world,465
worldsheet,1002
wormhol,841
worri,1554
wouldn,1135
wrinkl,335
writer,286
wu,1413
xl,1593
xray,1591
yakov,1457
yang,1411
yard,1826
ye,1545
year,63
zealand,1299
zeldovich,1458
zero,152
zionism,709
zionist,737
